iter	MAPE
0	1
1	1
2	1
3	1
4	1
5	1
6	1
7	1
8	1
9	1
10	1
11	1
12	1
13	1
14	1
15	1
16	1
17	1
18	1
19	1
20	1
21	1
22	1
23	1
24	1
25	1
26	1
27	1
28	1
29	1
30	1
31	1
32	1
33	1
34	1
35	1
36	1
37	1
38	1
39	1
40	1
41	1
42	1
43	1
44	1
45	1
46	1
47	1
48	1
49	1
50	1
51	1
52	1
53	1
54	1
55	1
56	1
57	1
58	1
59	1
60	1
61	1
62	1
63	1
64	1
65	1
66	1
67	1
68	1
69	1
70	1
71	1
72	1
73	1
74	1
75	1
76	1
77	1
78	1
79	1
80	1
81	1
82	1
83	1
84	1
85	1
86	1
87	1
88	1
89	1
90	1
91	1
92	1
93	1
94	1
95	1
96	1
97	1
98	1
99	1
100	1
101	1
102	1
103	1
104	1
105	1
106	1
107	1
108	1
109	1
110	1
111	1
112	1
113	1
114	1
115	1
116	1
117	1
118	1
119	1
120	1
121	1
122	1
123	1
124	1
125	1
126	1
127	1
128	1
129	1
130	1
131	1
132	1
133	1
134	1
135	1
136	1
137	1
138	1
139	1
140	1
141	1
142	1
143	1
144	1
145	1
146	1
147	1
148	1
149	1
150	1
151	1
152	1
153	1
154	1
155	1
156	1
157	1
158	1
159	1
160	1
161	1
162	1
163	1
164	1
165	1
166	1
167	1
168	1
169	1
170	1
171	1
172	1
173	1
174	1
175	1
176	1
177	1
178	1
179	1
180	1
181	1
182	1
183	1
184	1
185	1
186	1
187	1
188	1
189	1
190	1
191	1
192	1
193	1
194	1
195	1
196	1
197	1
198	1
199	1
200	1
201	1
202	1
203	1
204	1
205	1
206	1
207	1
208	1
209	1
210	1
211	1
212	1
213	1
214	1
215	1
216	1
217	1
218	1
219	1
220	1
221	1
222	1
223	1
224	1
225	1
226	1
227	1
228	1
229	1
230	1
231	1
232	1
233	1
234	1
235	1
236	1
237	1
238	1
239	1
240	1
241	1
242	1
243	1
244	1
245	1
246	1
247	1
248	1
249	1
250	1
251	1
252	1
253	1
254	1
255	1
256	1
257	1
258	1
259	1
260	0.9999999999
261	0.9999999999
262	0.9999999999
263	0.9999999999
264	0.9999999999
265	0.9999999999
266	0.9999999999
267	0.9999999999
268	0.9999999999
269	0.9999999999
270	0.9999999999
271	0.9999999999
272	0.9999999999
273	0.9999999999
274	0.9999999999
275	0.9999999999
276	0.9999999999
277	0.9999999999
278	0.9999999999
279	0.9999999999
280	0.9999999999
281	0.9999999999
282	0.9999999999
283	0.9999999999
284	0.9999999999
285	0.9999999999
286	0.9999999999
287	0.9999999999
288	0.9999999999
289	0.9999999999
290	0.9999999999
291	0.9999999999
292	0.9999999999
293	0.9999999999
294	0.9999999999
295	0.9999999999
296	0.9999999999
297	0.9999999999
298	0.9999999999
299	0.9999999999
300	0.9999999999
301	0.9999999999
302	0.9999999999
303	0.9999999999
304	0.9999999999
305	0.9999999999
306	0.9999999999
307	0.9999999999
308	0.9999999999
309	0.9999999999
310	0.9999999999
311	0.9999999999
312	0.9999999999
313	0.9999999999
314	0.9999999999
315	0.9999999999
316	0.9999999999
317	0.9999999999
318	0.9999999999
319	0.9999999999
320	0.9999999999
321	0.9999999999
322	0.9999999999
323	0.9999999999
324	0.9999999999
325	0.9999999999
326	0.9999999999
327	0.9999999999
328	0.9999999999
329	0.9999999999
330	0.9999999999
331	0.9999999999
332	0.9999999999
333	0.9999999999
334	0.9999999999
335	0.9999999999
336	0.9999999999
337	0.9999999999
338	0.9999999999
339	0.9999999999
340	0.9999999999
341	0.9999999999
342	0.9999999999
343	0.9999999999
344	0.9999999999
345	0.9999999999
346	0.9999999999
347	0.9999999999
348	0.9999999999
349	0.9999999999
350	0.9999999999
351	0.9999999999
352	0.9999999999
353	0.9999999999
354	0.9999999999
355	0.9999999999
356	0.9999999999
357	0.9999999999
358	0.9999999999
359	0.9999999999
360	0.9999999999
361	0.9999999999
362	0.9999999999
363	0.9999999999
364	0.9999999999
365	0.9999999999
366	0.9999999999
367	0.9999999999
368	0.9999999999
369	0.9999999999
370	0.9999999999
371	0.9999999999
372	0.9999999999
373	0.9999999999
374	0.9999999999
375	0.9999999999
376	0.9999999999
377	0.9999999999
378	0.9999999999
379	0.9999999999
380	0.9999999999
381	0.9999999999
382	0.9999999999
383	0.9999999999
384	0.9999999999
385	0.9999999999
386	0.9999999999
387	0.9999999999
388	0.9999999999
389	0.9999999999
390	0.9999999999
391	0.9999999999
392	0.9999999999
393	0.9999999999
394	0.9999999999
395	0.9999999999
396	0.9999999999
397	0.9999999999
398	0.9999999999
399	0.9999999999
400	0.9999999999
401	0.9999999999
402	0.9999999999
403	0.9999999999
404	0.9999999999
405	0.9999999999
406	0.9999999999
407	0.9999999999
408	0.9999999999
409	0.9999999999
410	0.9999999999
411	0.9999999999
412	0.9999999999
413	0.9999999999
414	0.9999999999
415	0.9999999999
416	0.9999999999
417	0.9999999999
418	0.9999999999
419	0.9999999999
420	0.9999999999
421	0.9999999999
422	0.9999999999
423	0.9999999999
424	0.9999999999
425	0.9999999999
426	0.9999999999
427	0.9999999999
428	0.9999999999
429	0.9999999999
430	0.9999999999
431	0.9999999999
432	0.9999999999
433	0.9999999999
434	0.9999999999
435	0.9999999999
436	0.9999999999
437	0.9999999999
438	0.9999999999
439	0.9999999999
440	0.9999999999
441	0.9999999999
442	0.9999999999
443	0.9999999999
444	0.9999999999
445	0.9999999999
446	0.9999999999
447	0.9999999999
448	0.9999999999
449	0.9999999999
450	0.9999999999
451	0.9999999999
452	0.9999999999
453	0.9999999999
454	0.9999999999
455	0.9999999999
456	0.9999999999
457	0.9999999999
458	0.9999999999
459	0.9999999999
460	0.9999999999
461	0.9999999999
462	0.9999999999
463	0.9999999999
464	0.9999999999
465	0.9999999999
466	0.9999999999
467	0.9999999999
468	0.9999999999
469	0.9999999999
470	0.9999999999
471	0.9999999999
472	0.9999999999
473	0.9999999999
474	0.9999999999
475	0.9999999999
476	0.9999999999
477	0.9999999999
478	0.9999999999
479	0.9999999999
480	0.9999999999
481	0.9999999999
482	0.9999999999
483	0.9999999999
484	0.9999999999
485	0.9999999999
486	0.9999999999
487	0.9999999999
488	0.9999999999
489	0.9999999999
490	0.9999999999
491	0.9999999999
492	0.9999999999
493	0.9999999999
494	0.9999999999
495	0.9999999999
496	0.9999999999
497	0.9999999999
498	0.9999999999
499	0.9999999999
500	0.9999999999
501	0.9999999999
502	0.9999999999
503	0.9999999999
504	0.9999999999
505	0.9999999999
506	0.9999999999
507	0.9999999999
508	0.9999999999
509	0.9999999999
510	0.9999999999
511	0.9999999999
512	0.9999999999
513	0.9999999999
514	0.9999999999
515	0.9999999999
516	0.9999999999
517	0.9999999999
518	0.9999999999
519	0.9999999999
520	0.9999999999
521	0.9999999999
522	0.9999999999
523	0.9999999999
524	0.9999999999
525	0.9999999999
526	0.9999999999
527	0.9999999999
528	0.9999999999
529	0.9999999999
530	0.9999999999
531	0.9999999999
532	0.9999999999
533	0.9999999999
534	0.9999999999
535	0.9999999999
536	0.9999999999
537	0.9999999999
538	0.9999999999
539	0.9999999999
540	0.9999999999
541	0.9999999999
542	0.9999999999
543	0.9999999999
544	0.9999999999
545	0.9999999999
546	0.9999999999
547	0.9999999999
548	0.9999999999
549	0.9999999999
550	0.9999999999
551	0.9999999999
552	0.9999999999
553	0.9999999999
554	0.9999999999
555	0.9999999999
556	0.9999999999
557	0.9999999999
558	0.9999999999
559	0.9999999999
560	0.9999999999
561	0.9999999999
562	0.9999999999
563	0.9999999999
564	0.9999999999
565	0.9999999999
566	0.9999999999
567	0.9999999999
568	0.9999999999
569	0.9999999999
570	0.9999999999
571	0.9999999999
572	0.9999999999
573	0.9999999999
574	0.9999999999
575	0.9999999999
576	0.9999999999
577	0.9999999999
578	0.9999999999
579	0.9999999999
580	0.9999999999
581	0.9999999999
582	0.9999999999
583	0.9999999999
584	0.9999999999
585	0.9999999999
586	0.9999999999
587	0.9999999999
588	0.9999999999
589	0.9999999999
590	0.9999999999
591	0.9999999999
592	0.9999999999
593	0.9999999999
594	0.9999999999
595	0.9999999999
596	0.9999999999
597	0.9999999999
598	0.9999999999
599	0.9999999999
600	0.9999999999
601	0.9999999999
602	0.9999999999
603	0.9999999999
604	0.9999999999
605	0.9999999999
606	0.9999999999
607	0.9999999999
608	0.9999999999
609	0.9999999999
610	0.9999999999
611	0.9999999999
612	0.9999999999
613	0.9999999999
614	0.9999999999
615	0.9999999999
616	0.9999999999
617	0.9999999999
618	0.9999999999
619	0.9999999999
620	0.9999999999
621	0.9999999999
622	0.9999999999
623	0.9999999999
624	0.9999999999
625	0.9999999999
626	0.9999999999
627	0.9999999999
628	0.9999999999
629	0.9999999999
630	0.9999999999
631	0.9999999999
632	0.9999999999
633	0.9999999999
634	0.9999999999
635	0.9999999999
636	0.9999999999
637	0.9999999999
638	0.9999999999
639	0.9999999999
640	0.9999999999
641	0.9999999999
642	0.9999999999
643	0.9999999999
644	0.9999999999
645	0.9999999999
646	0.9999999999
647	0.9999999999
648	0.9999999999
649	0.9999999999
650	0.9999999999
651	0.9999999999
652	0.9999999999
653	0.9999999999
654	0.9999999999
655	0.9999999999
656	0.9999999999
657	0.9999999999
658	0.9999999999
659	0.9999999999
660	0.9999999999
661	0.9999999999
662	0.9999999999
663	0.9999999999
664	0.9999999999
665	0.9999999999
666	0.9999999999
667	0.9999999999
668	0.9999999999
669	0.9999999999
670	0.9999999999
671	0.9999999999
672	0.9999999999
673	0.9999999999
674	0.9999999999
675	0.9999999999
676	0.9999999999
677	0.9999999999
678	0.9999999999
679	0.9999999999
680	0.9999999999
681	0.9999999999
682	0.9999999999
683	0.9999999999
684	0.9999999999
685	0.9999999999
686	0.9999999999
687	0.9999999999
688	0.9999999999
689	0.9999999999
690	0.9999999999
691	0.9999999999
692	0.9999999999
693	0.9999999999
694	0.9999999999
695	0.9999999999
696	0.9999999999
697	0.9999999999
698	0.9999999999
699	0.9999999999
700	0.9999999999
701	0.9999999999
702	0.9999999999
703	0.9999999999
704	0.9999999999
705	0.9999999999
706	0.9999999999
707	0.9999999999
708	0.9999999999
709	0.9999999999
710	0.9999999999
711	0.9999999999
712	0.9999999999
713	0.9999999999
714	0.9999999999
715	0.9999999999
716	0.9999999999
717	0.9999999999
718	0.9999999999
719	0.9999999999
720	0.9999999999
721	0.9999999999
722	0.9999999999
723	0.9999999999
724	0.9999999999
725	0.9999999999
726	0.9999999999
727	0.9999999999
728	0.9999999999
729	0.9999999999
730	0.9999999999
731	0.9999999999
732	0.9999999999
733	0.9999999999
734	0.9999999999
735	0.9999999999
736	0.9999999999
737	0.9999999999
738	0.9999999999
739	0.9999999999
740	0.9999999999
741	0.9999999999
742	0.9999999999
743	0.9999999999
744	0.9999999999
745	0.9999999999
746	0.9999999999
747	0.9999999999
748	0.9999999999
749	0.9999999999
750	0.9999999999
751	0.9999999999
752	0.9999999999
753	0.9999999999
754	0.9999999999
755	0.9999999999
756	0.9999999999
757	0.9999999999
758	0.9999999999
759	0.9999999999
760	0.9999999999
761	0.9999999999
762	0.9999999999
763	0.9999999999
764	0.9999999999
765	0.9999999999
766	0.9999999999
767	0.9999999999
768	0.9999999999
769	0.9999999999
770	0.9999999999
771	0.9999999999
772	0.9999999999
773	0.9999999999
774	0.9999999999
775	0.9999999999
776	0.9999999998
777	0.9999999998
778	0.9999999998
779	0.9999999998
780	0.9999999998
781	0.9999999998
782	0.9999999998
783	0.9999999998
784	0.9999999998
785	0.9999999998
786	0.9999999998
787	0.9999999998
788	0.9999999998
789	0.9999999998
790	0.9999999998
791	0.9999999998
792	0.9999999998
793	0.9999999998
794	0.9999999998
795	0.9999999998
796	0.9999999998
797	0.9999999998
798	0.9999999998
799	0.9999999998
800	0.9999999998
801	0.9999999998
802	0.9999999998
803	0.9999999998
804	0.9999999998
805	0.9999999998
806	0.9999999998
807	0.9999999998
808	0.9999999998
809	0.9999999998
810	0.9999999998
811	0.9999999998
812	0.9999999998
813	0.9999999998
814	0.9999999998
815	0.9999999998
816	0.9999999998
817	0.9999999998
818	0.9999999998
819	0.9999999998
820	0.9999999998
821	0.9999999998
822	0.9999999998
823	0.9999999998
824	0.9999999998
825	0.9999999998
826	0.9999999998
827	0.9999999998
828	0.9999999998
829	0.9999999998
830	0.9999999998
831	0.9999999998
832	0.9999999998
833	0.9999999998
834	0.9999999998
835	0.9999999998
836	0.9999999998
837	0.9999999998
838	0.9999999998
839	0.9999999998
840	0.9999999998
841	0.9999999998
842	0.9999999998
843	0.9999999998
844	0.9999999998
845	0.9999999998
846	0.9999999998
847	0.9999999998
848	0.9999999998
849	0.9999999998
850	0.9999999998
851	0.9999999998
852	0.9999999998
853	0.9999999998
854	0.9999999998
855	0.9999999998
856	0.9999999998
857	0.9999999998
858	0.9999999998
859	0.9999999998
860	0.9999999998
861	0.9999999998
862	0.9999999998
863	0.9999999998
864	0.9999999998
865	0.9999999998
866	0.9999999998
867	0.9999999998
868	0.9999999998
869	0.9999999998
870	0.9999999998
871	0.9999999998
872	0.9999999998
873	0.9999999998
874	0.9999999998
875	0.9999999998
876	0.9999999998
877	0.9999999998
878	0.9999999998
879	0.9999999998
880	0.9999999998
881	0.9999999998
882	0.9999999998
883	0.9999999998
884	0.9999999998
885	0.9999999998
886	0.9999999998
887	0.9999999998
888	0.9999999998
889	0.9999999998
890	0.9999999998
891	0.9999999998
892	0.9999999998
893	0.9999999998
894	0.9999999998
895	0.9999999998
896	0.9999999998
897	0.9999999998
898	0.9999999998
899	0.9999999998
900	0.9999999998
901	0.9999999998
902	0.9999999998
903	0.9999999998
904	0.9999999998
905	0.9999999998
906	0.9999999998
907	0.9999999998
908	0.9999999998
909	0.9999999998
910	0.9999999998
911	0.9999999998
912	0.9999999998
913	0.9999999998
914	0.9999999998
915	0.9999999998
916	0.9999999998
917	0.9999999998
918	0.9999999998
919	0.9999999998
920	0.9999999998
921	0.9999999998
922	0.9999999998
923	0.9999999998
924	0.9999999998
925	0.9999999998
926	0.9999999998
927	0.9999999998
928	0.9999999998
929	0.9999999998
930	0.9999999998
931	0.9999999998
932	0.9999999998
933	0.9999999998
934	0.9999999998
935	0.9999999998
936	0.9999999998
937	0.9999999998
938	0.9999999998
939	0.9999999998
940	0.9999999998
941	0.9999999998
942	0.9999999998
943	0.9999999998
944	0.9999999998
945	0.9999999998
946	0.9999999998
947	0.9999999998
948	0.9999999998
949	0.9999999998
950	0.9999999998
951	0.9999999998
952	0.9999999998
953	0.9999999998
954	0.9999999998
955	0.9999999998
956	0.9999999998
957	0.9999999998
958	0.9999999998
959	0.9999999998
960	0.9999999998
961	0.9999999998
962	0.9999999998
963	0.9999999998
964	0.9999999998
965	0.9999999998
966	0.9999999998
967	0.9999999998
968	0.9999999998
969	0.9999999998
970	0.9999999998
971	0.9999999998
972	0.9999999998
973	0.9999999998
974	0.9999999998
975	0.9999999998
976	0.9999999998
977	0.9999999998
978	0.9999999998
979	0.9999999998
980	0.9999999998
981	0.9999999998
982	0.9999999998
983	0.9999999998
984	0.9999999998
985	0.9999999998
986	0.9999999998
987	0.9999999998
988	0.9999999998
989	0.9999999998
990	0.9999999998
991	0.9999999998
992	0.9999999998
993	0.9999999998
994	0.9999999998
995	0.9999999998
996	0.9999999998
997	0.9999999998
998	0.9999999998
999	0.9999999998
1000	0.9999999998
1001	0.9999999998
1002	0.9999999998
1003	0.9999999998
1004	0.9999999998
1005	0.9999999998
1006	0.9999999998
1007	0.9999999998
1008	0.9999999998
1009	0.9999999998
1010	0.9999999998
1011	0.9999999998
1012	0.9999999998
1013	0.9999999998
1014	0.9999999998
1015	0.9999999998
1016	0.9999999998
1017	0.9999999998
1018	0.9999999998
1019	0.9999999998
1020	0.9999999998
1021	0.9999999998
1022	0.9999999998
1023	0.9999999998
1024	0.9999999998
1025	0.9999999998
1026	0.9999999998
1027	0.9999999998
1028	0.9999999998
1029	0.9999999998
1030	0.9999999998
1031	0.9999999998
1032	0.9999999998
1033	0.9999999998
1034	0.9999999998
1035	0.9999999998
1036	0.9999999998
1037	0.9999999998
1038	0.9999999998
1039	0.9999999998
1040	0.9999999998
1041	0.9999999998
1042	0.9999999998
1043	0.9999999998
1044	0.9999999998
1045	0.9999999998
1046	0.9999999998
1047	0.9999999998
1048	0.9999999998
1049	0.9999999998
1050	0.9999999998
1051	0.9999999998
1052	0.9999999998
1053	0.9999999998
1054	0.9999999998
1055	0.9999999998
1056	0.9999999998
1057	0.9999999998
1058	0.9999999998
1059	0.9999999998
1060	0.9999999998
1061	0.9999999998
1062	0.9999999998
1063	0.9999999998
1064	0.9999999998
1065	0.9999999998
1066	0.9999999998
1067	0.9999999998
1068	0.9999999998
1069	0.9999999998
1070	0.9999999998
1071	0.9999999998
1072	0.9999999998
1073	0.9999999998
1074	0.9999999998
1075	0.9999999998
1076	0.9999999998
1077	0.9999999998
1078	0.9999999998
1079	0.9999999998
1080	0.9999999998
1081	0.9999999998
1082	0.9999999998
1083	0.9999999998
1084	0.9999999998
1085	0.9999999998
1086	0.9999999998
1087	0.9999999998
1088	0.9999999998
1089	0.9999999998
1090	0.9999999998
1091	0.9999999998
1092	0.9999999998
1093	0.9999999998
1094	0.9999999998
1095	0.9999999998
1096	0.9999999998
1097	0.9999999998
1098	0.9999999998
1099	0.9999999998
1100	0.9999999998
1101	0.9999999998
1102	0.9999999998
1103	0.9999999998
1104	0.9999999998
1105	0.9999999998
1106	0.9999999998
1107	0.9999999998
1108	0.9999999998
1109	0.9999999998
1110	0.9999999998
1111	0.9999999998
1112	0.9999999998
1113	0.9999999998
1114	0.9999999998
1115	0.9999999998
1116	0.9999999998
1117	0.9999999998
1118	0.9999999998
1119	0.9999999998
1120	0.9999999998
1121	0.9999999998
1122	0.9999999998
1123	0.9999999998
1124	0.9999999998
1125	0.9999999998
1126	0.9999999998
1127	0.9999999998
1128	0.9999999998
1129	0.9999999998
1130	0.9999999998
1131	0.9999999998
1132	0.9999999998
1133	0.9999999998
1134	0.9999999998
1135	0.9999999998
1136	0.9999999998
1137	0.9999999998
1138	0.9999999998
1139	0.9999999998
1140	0.9999999998
1141	0.9999999998
1142	0.9999999998
1143	0.9999999998
1144	0.9999999998
1145	0.9999999998
1146	0.9999999998
1147	0.9999999998
1148	0.9999999998
1149	0.9999999998
1150	0.9999999998
1151	0.9999999998
1152	0.9999999998
1153	0.9999999998
1154	0.9999999998
1155	0.9999999998
1156	0.9999999998
1157	0.9999999998
1158	0.9999999998
1159	0.9999999998
1160	0.9999999998
1161	0.9999999998
1162	0.9999999998
1163	0.9999999998
1164	0.9999999998
1165	0.9999999998
1166	0.9999999998
1167	0.9999999998
1168	0.9999999998
1169	0.9999999998
1170	0.9999999998
1171	0.9999999998
1172	0.9999999998
1173	0.9999999998
1174	0.9999999998
1175	0.9999999998
1176	0.9999999998
1177	0.9999999998
1178	0.9999999998
1179	0.9999999998
1180	0.9999999998
1181	0.9999999998
1182	0.9999999998
1183	0.9999999998
1184	0.9999999998
1185	0.9999999998
1186	0.9999999998
1187	0.9999999998
1188	0.9999999998
1189	0.9999999998
1190	0.9999999998
1191	0.9999999998
1192	0.9999999998
1193	0.9999999998
1194	0.9999999998
1195	0.9999999998
1196	0.9999999998
1197	0.9999999998
1198	0.9999999998
1199	0.9999999998
1200	0.9999999998
1201	0.9999999998
1202	0.9999999998
1203	0.9999999998
1204	0.9999999998
1205	0.9999999998
1206	0.9999999998
1207	0.9999999998
1208	0.9999999998
1209	0.9999999998
1210	0.9999999998
1211	0.9999999998
1212	0.9999999998
1213	0.9999999998
1214	0.9999999998
1215	0.9999999998
1216	0.9999999998
1217	0.9999999998
1218	0.9999999998
1219	0.9999999998
1220	0.9999999998
1221	0.9999999998
1222	0.9999999998
1223	0.9999999998
1224	0.9999999998
1225	0.9999999998
1226	0.9999999998
1227	0.9999999998
1228	0.9999999998
1229	0.9999999998
1230	0.9999999998
1231	0.9999999998
1232	0.9999999998
1233	0.9999999998
1234	0.9999999998
1235	0.9999999998
1236	0.9999999998
1237	0.9999999998
1238	0.9999999998
1239	0.9999999998
1240	0.9999999998
1241	0.9999999998
1242	0.9999999998
1243	0.9999999998
1244	0.9999999998
1245	0.9999999998
1246	0.9999999998
1247	0.9999999998
1248	0.9999999998
1249	0.9999999998
1250	0.9999999998
1251	0.9999999998
1252	0.9999999998
1253	0.9999999998
1254	0.9999999998
1255	0.9999999998
1256	0.9999999998
1257	0.9999999998
1258	0.9999999998
1259	0.9999999998
1260	0.9999999998
1261	0.9999999998
1262	0.9999999998
1263	0.9999999998
1264	0.9999999998
1265	0.9999999998
1266	0.9999999998
1267	0.9999999998
1268	0.9999999998
1269	0.9999999998
1270	0.9999999998
1271	0.9999999998
1272	0.9999999998
1273	0.9999999998
1274	0.9999999998
1275	0.9999999998
1276	0.9999999998
1277	0.9999999998
1278	0.9999999998
1279	0.9999999998
1280	0.9999999998
1281	0.9999999998
1282	0.9999999998
1283	0.9999999998
1284	0.9999999998
1285	0.9999999998
1286	0.9999999998
1287	0.9999999998
1288	0.9999999998
1289	0.9999999998
1290	0.9999999998
1291	0.9999999998
1292	0.9999999998
1293	0.9999999997
1294	0.9999999997
1295	0.9999999997
1296	0.9999999997
1297	0.9999999997
1298	0.9999999997
1299	0.9999999997
1300	0.9999999997
1301	0.9999999997
1302	0.9999999997
1303	0.9999999997
1304	0.9999999997
1305	0.9999999997
1306	0.9999999997
1307	0.9999999997
1308	0.9999999997
1309	0.9999999997
1310	0.9999999997
1311	0.9999999997
1312	0.9999999997
1313	0.9999999997
1314	0.9999999997
1315	0.9999999997
1316	0.9999999997
1317	0.9999999997
1318	0.9999999997
1319	0.9999999997
1320	0.9999999997
1321	0.9999999997
1322	0.9999999997
1323	0.9999999997
1324	0.9999999997
1325	0.9999999997
1326	0.9999999997
1327	0.9999999997
1328	0.9999999997
1329	0.9999999997
1330	0.9999999997
1331	0.9999999997
1332	0.9999999997
1333	0.9999999997
1334	0.9999999997
1335	0.9999999997
1336	0.9999999997
1337	0.9999999997
1338	0.9999999997
1339	0.9999999997
1340	0.9999999997
1341	0.9999999997
1342	0.9999999997
1343	0.9999999997
1344	0.9999999997
1345	0.9999999997
1346	0.9999999997
1347	0.9999999997
1348	0.9999999997
1349	0.9999999997
1350	0.9999999997
1351	0.9999999997
1352	0.9999999997
1353	0.9999999997
1354	0.9999999997
1355	0.9999999997
1356	0.9999999997
1357	0.9999999997
1358	0.9999999997
1359	0.9999999997
1360	0.9999999997
1361	0.9999999997
1362	0.9999999997
1363	0.9999999997
1364	0.9999999997
1365	0.9999999997
1366	0.9999999997
1367	0.9999999997
1368	0.9999999997
1369	0.9999999997
1370	0.9999999997
1371	0.9999999997
1372	0.9999999997
1373	0.9999999997
1374	0.9999999997
1375	0.9999999997
1376	0.9999999997
1377	0.9999999997
1378	0.9999999997
1379	0.9999999997
1380	0.9999999997
1381	0.9999999997
1382	0.9999999997
1383	0.9999999997
1384	0.9999999997
1385	0.9999999997
1386	0.9999999997
1387	0.9999999997
1388	0.9999999997
1389	0.9999999997
1390	0.9999999997
1391	0.9999999997
1392	0.9999999997
1393	0.9999999997
1394	0.9999999997
1395	0.9999999997
1396	0.9999999997
1397	0.9999999997
1398	0.9999999997
1399	0.9999999997
1400	0.9999999997
1401	0.9999999997
1402	0.9999999997
1403	0.9999999997
1404	0.9999999997
1405	0.9999999997
1406	0.9999999997
1407	0.9999999997
1408	0.9999999997
1409	0.9999999997
1410	0.9999999997
1411	0.9999999997
1412	0.9999999997
1413	0.9999999997
1414	0.9999999997
1415	0.9999999997
1416	0.9999999997
1417	0.9999999997
1418	0.9999999997
1419	0.9999999997
1420	0.9999999997
1421	0.9999999997
1422	0.9999999997
1423	0.9999999997
1424	0.9999999997
1425	0.9999999997
1426	0.9999999997
1427	0.9999999997
1428	0.9999999997
1429	0.9999999997
1430	0.9999999997
1431	0.9999999997
1432	0.9999999997
1433	0.9999999997
1434	0.9999999997
1435	0.9999999997
1436	0.9999999997
1437	0.9999999997
1438	0.9999999997
1439	0.9999999997
1440	0.9999999997
1441	0.9999999997
1442	0.9999999997
1443	0.9999999997
1444	0.9999999997
1445	0.9999999997
1446	0.9999999997
1447	0.9999999997
1448	0.9999999997
1449	0.9999999997
1450	0.9999999997
1451	0.9999999997
1452	0.9999999997
1453	0.9999999997
1454	0.9999999997
1455	0.9999999997
1456	0.9999999997
1457	0.9999999997
1458	0.9999999997
1459	0.9999999997
1460	0.9999999997
1461	0.9999999997
1462	0.9999999997
1463	0.9999999997
1464	0.9999999997
1465	0.9999999997
1466	0.9999999997
1467	0.9999999997
1468	0.9999999997
1469	0.9999999997
1470	0.9999999997
1471	0.9999999997
1472	0.9999999997
1473	0.9999999997
1474	0.9999999997
1475	0.9999999997
1476	0.9999999997
1477	0.9999999997
1478	0.9999999997
1479	0.9999999997
1480	0.9999999997
1481	0.9999999997
1482	0.9999999997
1483	0.9999999997
1484	0.9999999997
1485	0.9999999997
1486	0.9999999997
1487	0.9999999997
1488	0.9999999997
1489	0.9999999997
1490	0.9999999997
1491	0.9999999997
1492	0.9999999997
1493	0.9999999997
1494	0.9999999997
1495	0.9999999997
1496	0.9999999997
1497	0.9999999997
1498	0.9999999997
1499	0.9999999997
1500	0.9999999997
1501	0.9999999997
1502	0.9999999997
1503	0.9999999997
1504	0.9999999997
1505	0.9999999997
1506	0.9999999997
1507	0.9999999997
1508	0.9999999997
1509	0.9999999997
1510	0.9999999997
1511	0.9999999997
1512	0.9999999997
1513	0.9999999997
1514	0.9999999997
1515	0.9999999997
1516	0.9999999997
1517	0.9999999997
1518	0.9999999997
1519	0.9999999997
1520	0.9999999997
1521	0.9999999997
1522	0.9999999997
1523	0.9999999997
1524	0.9999999997
1525	0.9999999997
1526	0.9999999997
1527	0.9999999997
1528	0.9999999997
1529	0.9999999997
1530	0.9999999997
1531	0.9999999997
1532	0.9999999997
1533	0.9999999997
1534	0.9999999997
1535	0.9999999997
1536	0.9999999997
1537	0.9999999997
1538	0.9999999997
1539	0.9999999997
1540	0.9999999997
1541	0.9999999997
1542	0.9999999997
1543	0.9999999997
1544	0.9999999997
1545	0.9999999997
1546	0.9999999997
1547	0.9999999997
1548	0.9999999997
1549	0.9999999997
1550	0.9999999997
1551	0.9999999997
1552	0.9999999997
1553	0.9999999997
1554	0.9999999997
1555	0.9999999997
1556	0.9999999997
1557	0.9999999997
1558	0.9999999997
1559	0.9999999997
1560	0.9999999997
1561	0.9999999997
1562	0.9999999997
1563	0.9999999997
1564	0.9999999997
1565	0.9999999997
1566	0.9999999997
1567	0.9999999997
1568	0.9999999997
1569	0.9999999997
1570	0.9999999997
1571	0.9999999997
1572	0.9999999997
1573	0.9999999997
1574	0.9999999997
1575	0.9999999997
1576	0.9999999997
1577	0.9999999997
1578	0.9999999997
1579	0.9999999997
1580	0.9999999997
1581	0.9999999997
1582	0.9999999997
1583	0.9999999997
1584	0.9999999997
1585	0.9999999997
1586	0.9999999997
1587	0.9999999997
1588	0.9999999997
1589	0.9999999997
1590	0.9999999997
1591	0.9999999997
1592	0.9999999997
1593	0.9999999997
1594	0.9999999997
1595	0.9999999997
1596	0.9999999997
1597	0.9999999997
1598	0.9999999997
1599	0.9999999997
1600	0.9999999997
1601	0.9999999997
1602	0.9999999997
1603	0.9999999997
1604	0.9999999997
1605	0.9999999997
1606	0.9999999997
1607	0.9999999997
1608	0.9999999997
1609	0.9999999997
1610	0.9999999997
1611	0.9999999997
1612	0.9999999997
1613	0.9999999997
1614	0.9999999997
1615	0.9999999997
1616	0.9999999997
1617	0.9999999997
1618	0.9999999997
1619	0.9999999997
1620	0.9999999997
1621	0.9999999997
1622	0.9999999997
1623	0.9999999997
1624	0.9999999997
1625	0.9999999997
1626	0.9999999997
1627	0.9999999997
1628	0.9999999997
1629	0.9999999997
1630	0.9999999997
1631	0.9999999997
1632	0.9999999997
1633	0.9999999997
1634	0.9999999997
1635	0.9999999997
1636	0.9999999997
1637	0.9999999997
1638	0.9999999997
1639	0.9999999997
1640	0.9999999997
1641	0.9999999997
1642	0.9999999997
1643	0.9999999997
1644	0.9999999997
1645	0.9999999997
1646	0.9999999997
1647	0.9999999997
1648	0.9999999997
1649	0.9999999997
1650	0.9999999997
1651	0.9999999997
1652	0.9999999997
1653	0.9999999997
1654	0.9999999997
1655	0.9999999997
1656	0.9999999997
1657	0.9999999997
1658	0.9999999997
1659	0.9999999997
1660	0.9999999997
1661	0.9999999997
1662	0.9999999997
1663	0.9999999997
1664	0.9999999997
1665	0.9999999997
1666	0.9999999997
1667	0.9999999997
1668	0.9999999997
1669	0.9999999997
1670	0.9999999997
1671	0.9999999997
1672	0.9999999997
1673	0.9999999997
1674	0.9999999997
1675	0.9999999997
1676	0.9999999997
1677	0.9999999997
1678	0.9999999997
1679	0.9999999997
1680	0.9999999997
1681	0.9999999997
1682	0.9999999997
1683	0.9999999997
1684	0.9999999997
1685	0.9999999997
1686	0.9999999997
1687	0.9999999997
1688	0.9999999997
1689	0.9999999997
1690	0.9999999997
1691	0.9999999997
1692	0.9999999997
1693	0.9999999997
1694	0.9999999997
1695	0.9999999997
1696	0.9999999997
1697	0.9999999997
1698	0.9999999997
1699	0.9999999997
1700	0.9999999997
1701	0.9999999997
1702	0.9999999997
1703	0.9999999997
1704	0.9999999997
1705	0.9999999997
1706	0.9999999997
1707	0.9999999997
1708	0.9999999997
1709	0.9999999997
1710	0.9999999997
1711	0.9999999997
1712	0.9999999997
1713	0.9999999997
1714	0.9999999997
1715	0.9999999997
1716	0.9999999997
1717	0.9999999997
1718	0.9999999997
1719	0.9999999997
1720	0.9999999997
1721	0.9999999997
1722	0.9999999997
1723	0.9999999997
1724	0.9999999997
1725	0.9999999997
1726	0.9999999997
1727	0.9999999997
1728	0.9999999997
1729	0.9999999997
1730	0.9999999997
1731	0.9999999997
1732	0.9999999997
1733	0.9999999997
1734	0.9999999997
1735	0.9999999997
1736	0.9999999997
1737	0.9999999997
1738	0.9999999997
1739	0.9999999997
1740	0.9999999997
1741	0.9999999997
1742	0.9999999997
1743	0.9999999997
1744	0.9999999997
1745	0.9999999997
1746	0.9999999997
1747	0.9999999997
1748	0.9999999997
1749	0.9999999997
1750	0.9999999997
1751	0.9999999997
1752	0.9999999997
1753	0.9999999997
1754	0.9999999997
1755	0.9999999997
1756	0.9999999997
1757	0.9999999997
1758	0.9999999997
1759	0.9999999997
1760	0.9999999997
1761	0.9999999997
1762	0.9999999997
1763	0.9999999997
1764	0.9999999997
1765	0.9999999997
1766	0.9999999997
1767	0.9999999997
1768	0.9999999997
1769	0.9999999997
1770	0.9999999997
1771	0.9999999997
1772	0.9999999997
1773	0.9999999997
1774	0.9999999997
1775	0.9999999997
1776	0.9999999997
1777	0.9999999997
1778	0.9999999997
1779	0.9999999997
1780	0.9999999997
1781	0.9999999997
1782	0.9999999997
1783	0.9999999997
1784	0.9999999997
1785	0.9999999997
1786	0.9999999997
1787	0.9999999997
1788	0.9999999997
1789	0.9999999997
1790	0.9999999997
1791	0.9999999997
1792	0.9999999997
1793	0.9999999997
1794	0.9999999997
1795	0.9999999997
1796	0.9999999997
1797	0.9999999997
1798	0.9999999997
1799	0.9999999997
1800	0.9999999997
1801	0.9999999997
1802	0.9999999997
1803	0.9999999997
1804	0.9999999997
1805	0.9999999997
1806	0.9999999997
1807	0.9999999997
1808	0.9999999997
1809	0.9999999996
1810	0.9999999996
1811	0.9999999996
1812	0.9999999996
1813	0.9999999996
1814	0.9999999996
1815	0.9999999996
1816	0.9999999996
1817	0.9999999996
1818	0.9999999996
1819	0.9999999996
1820	0.9999999996
1821	0.9999999996
1822	0.9999999996
1823	0.9999999996
1824	0.9999999996
1825	0.9999999996
1826	0.9999999996
1827	0.9999999996
1828	0.9999999996
1829	0.9999999996
1830	0.9999999996
1831	0.9999999996
1832	0.9999999996
1833	0.9999999996
1834	0.9999999996
1835	0.9999999996
1836	0.9999999996
1837	0.9999999996
1838	0.9999999996
1839	0.9999999996
1840	0.9999999996
1841	0.9999999996
1842	0.9999999996
1843	0.9999999996
1844	0.9999999996
1845	0.9999999996
1846	0.9999999996
1847	0.9999999996
1848	0.9999999996
1849	0.9999999996
1850	0.9999999996
1851	0.9999999996
1852	0.9999999996
1853	0.9999999996
1854	0.9999999996
1855	0.9999999996
1856	0.9999999996
1857	0.9999999996
1858	0.9999999996
1859	0.9999999996
1860	0.9999999996
1861	0.9999999996
1862	0.9999999996
1863	0.9999999996
1864	0.9999999996
1865	0.9999999996
1866	0.9999999996
1867	0.9999999996
1868	0.9999999996
1869	0.9999999996
1870	0.9999999996
1871	0.9999999996
1872	0.9999999996
1873	0.9999999996
1874	0.9999999996
1875	0.9999999996
1876	0.9999999996
1877	0.9999999996
1878	0.9999999996
1879	0.9999999996
1880	0.9999999996
1881	0.9999999996
1882	0.9999999996
1883	0.9999999996
1884	0.9999999996
1885	0.9999999996
1886	0.9999999996
1887	0.9999999996
1888	0.9999999996
1889	0.9999999996
1890	0.9999999996
1891	0.9999999996
1892	0.9999999996
1893	0.9999999996
1894	0.9999999996
1895	0.9999999996
1896	0.9999999996
1897	0.9999999996
1898	0.9999999996
1899	0.9999999996
1900	0.9999999996
1901	0.9999999996
1902	0.9999999996
1903	0.9999999996
1904	0.9999999996
1905	0.9999999996
1906	0.9999999996
1907	0.9999999996
1908	0.9999999996
1909	0.9999999996
1910	0.9999999996
1911	0.9999999996
1912	0.9999999996
1913	0.9999999996
1914	0.9999999996
1915	0.9999999996
1916	0.9999999996
1917	0.9999999996
1918	0.9999999996
1919	0.9999999996
1920	0.9999999996
1921	0.9999999996
1922	0.9999999996
1923	0.9999999996
1924	0.9999999996
1925	0.9999999996
1926	0.9999999996
1927	0.9999999996
1928	0.9999999996
1929	0.9999999996
1930	0.9999999996
1931	0.9999999996
1932	0.9999999996
1933	0.9999999996
1934	0.9999999996
1935	0.9999999996
1936	0.9999999996
1937	0.9999999996
1938	0.9999999996
1939	0.9999999996
1940	0.9999999996
1941	0.9999999996
1942	0.9999999996
1943	0.9999999996
1944	0.9999999996
1945	0.9999999996
1946	0.9999999996
1947	0.9999999996
1948	0.9999999996
1949	0.9999999996
1950	0.9999999996
1951	0.9999999996
1952	0.9999999996
1953	0.9999999996
1954	0.9999999996
1955	0.9999999996
1956	0.9999999996
1957	0.9999999996
1958	0.9999999996
1959	0.9999999996
1960	0.9999999996
1961	0.9999999996
1962	0.9999999996
1963	0.9999999996
1964	0.9999999996
1965	0.9999999996
1966	0.9999999996
1967	0.9999999996
1968	0.9999999996
1969	0.9999999996
1970	0.9999999996
1971	0.9999999996
1972	0.9999999996
1973	0.9999999996
1974	0.9999999996
1975	0.9999999996
1976	0.9999999996
1977	0.9999999996
1978	0.9999999996
1979	0.9999999996
1980	0.9999999996
1981	0.9999999996
1982	0.9999999996
1983	0.9999999996
1984	0.9999999996
1985	0.9999999996
1986	0.9999999996
1987	0.9999999996
1988	0.9999999996
1989	0.9999999996
1990	0.9999999996
1991	0.9999999996
1992	0.9999999996
1993	0.9999999996
1994	0.9999999996
1995	0.9999999996
1996	0.9999999996
1997	0.9999999996
1998	0.9999999996
1999	0.9999999996
